Name;Age;Gender;PostalCode;Telephone;Email
jesse;105;Male;92393;(63) 1164-2810;Jess.MEDIN2751@gmail.com
abrielle;1;Male;83145;(62) 6864-8700;Abrielle.HARR5259@gmail.com
kensley;105;Male;85451;(21) 6932-2194;Ken.CL7775@yahoo.com
davion;1;Female;23626;(61) 2513-0365;Davio.MUNOZ5564@yahoo.com
keegan;105;Male;23534;(43) 2735-2826;Kee.DODSON1091@hushmail.com
carissa;105;Male;06923;(65) 1912-7209;Caris.TO3591@live.com
wilson;1;Female;60407;(24) 8286-1280;Wilso.ROS9606@hushmail.com
karen;105;Male;33729;(61) 5363-9038;Ka.MOSS4664@gmail.com
marcel;1;Female;89009;(63) 6429-0457;Marcel.GATES2552@hushmail.com
august;1;Male;03104;(40) 7952-5452;Aug.LINDSA1055@gmail.com
kaiya;105;Male;92148;(84) 5766-5236;Kaiy.SC3007@yahoo.com
yosef;105;Female;97607;(81) 0559-0161;Yos.GALLO9614@live.com
brooks;105;Female;01184;(85) 7197-1108;Brooks.FOREMAN4285@yahoo.com
kyndall;1;Female;98586;(33) 4919-0397;Kynd.BAR1294@mail2web.com
jimena;105;Male;85284;(71) 3802-0087;Jime.LEV2507@mail2web.com
blaze;1;Female;07201;(45) 8507-5950;Bl.DORSE4061@hushmail.com
davin;1;Male;66227;(98) 9630-6643;Da.GALL7378@mail2web.com
malaya;1;Male;95944 ;(90) 8315-8240;Mal.TR5356@yahoo.com
mila;1;Female;85098;(80) 5269-9323;Mila.STA3100@mail2web.com
ray;105;Male;48313;(97) 2818-0344;R.GUTIER5043@gmail.com
sarahi;1;Female;78091;(40) 4194-1842;Sar.FROST8203@live.com
clarissa;1;Female;85222;(26) 2246-2708;Clar.PARKE8460@live.com
fernanda;105;Male;70678;(97) 1965-6421;Fern.HOG4074@hushmail.com
kaylynn;1;Female;75137;(84) 7907-3482;Kay.BOONE6884@live.com
kash;1;Male;48462;(68) 1224-8566;Ka.MURP5433@yahoo.com
kyler;1;Female;71181;(76) 2374-5341;Kyl.WEB5404@gmail.com
alexandra;1;Male;98052;(81) 5866-2647;Alexandr.LA9096@live.com
blake;1;Male;21406;(30) 7309-9550;Blak.WIL7625@gmail.com
ryker;1;Female;73113;(24) 0728-1584;Ryke.WAL2124@gmail.com
iliana;1;Male;36177 ;(77) 2379-4408;Ilian.MOSS2417@hushmail.com
joy;1;Female;32879;(30) 8632-9256;J.SPA2956@yahoo.com
harold;1;Female;37021;(62) 0240-5787;Harold.LOT7407@yahoo.com
adalynn;1;Female;80284;(94) 0151-9999;Adalyn.ROW9932@yahoo.com
natalya;1;Male;10776;(84) 7442-1854;Nataly.HAR8769@hushmail.com
haylie;1;Male;89790;(41) 2288-4505;Hayli.ALVARA7905@hushmail.com
rylee;105;Male;95094;(64) 1599-6950;Ryle.K6812@hushmail.com
braylon;1;Male;89529;(27) 6255-6198;Bra.CAMAC2251@gmail.com
makhi;105;Male;30954;(31) 6893-1151;Makhi.BURRI7364@hushmail.com
ross;1;Female;79146;(35) 2313-0182;Ro.YAT6201@gmail.com
lucas;1;Female;60095;(91) 8585-3056;Luc.ROBB3595@yahoo.com
kale;1;Female;85328;(81) 8614-1782;Ka.PAT2910@hushmail.com
karly;1;Female;92309;(30) 2629-2654;Karly.SCHROE6716@gmail.com
mae;105;Female;40982;(48) 4529-5901;Mae.BRYA1702@live.com
jett;1;Male;49529;(40) 8802-2355;Jet.HAL9802@yahoo.com
briley;105;Male;57097;(36) 0231-9749;Brile.CRAWFORD8713@live.com
ethen;105;Female;33040;(41) 2740-9536;Eth.BAXT2849@live.com
esperanza;105;Female;85207;(31) 6847-2330;Esperanza.FOSTER4755@mail2web.com
jenny;105;Female;20485;(40) 7526-2920;Je.RAYM5906@mail2web.com
karlee;1;Male;06127;(68) 2769-8665;Karle.LE6961@hushmail.com
crosby;105;Female;49239;(60) 1799-7906;Cro.COLLI3637@live.com
nash;105;Male;33026;(61) 4795-0142;Nas.LOW2061@yahoo.com
mikaela;1;Female;73670;(44) 0440-1585;Mikae.ODO8710@live.com
stephen;1;Female;96678;(33) 0626-8698;Step.PAUL6453@hushmail.com
carmelo;105;Female;84077;(41) 0763-2749;Carmel.CAM9354@mail2web.com
casey;105;Male;28307;(33) 0397-3854;Case.HI7643@hushmail.com
siena;1;Female;33698;(97) 2691-7789;Sien.RASMUSS6662@hushmail.com
hayden;1;Male;98067;(24) 8806-4563;Hayd.PEREZ3189@gmail.com
raymond;1;Female;89495;(28) 1422-5036;Raymo.PE6298@yahoo.com
karissa;105;Male;84072;(71) 3939-0647;Karissa.HINE5089@yahoo.com
brendon;1;Female;07227;(97) 9931-6239;Brendon.ATKIN1118@gmail.com
iris;105;Female;85377;(56) 1979-6429;Iris.GUTIERR4603@hushmail.com
kylee;105;Male;71154;(33) 7648-6096;Kyl.VALENZU5678@yahoo.com
macy;1;Female;83437;(70) 6395-4978;Ma.HENRY4288@yahoo.com
saanvi;105;Female;33904;(92) 5433-8679;Saanvi.HARPER1879@mail2web.com
harvey;105;Male;99293;(22) 4821-2745;Har.CORT6692@hushmail.com
channing;1;Male;85353;(66) 1812-8322;Channin.AYALA9612@yahoo.com
chanel;1;Female;98029;(56) 7838-0765;Cha.FERRE8149@mail2web.com
diego;105;Female;48848;(61) 5870-2991;Dieg.OL4515@live.com
emmanuel;105;Male;85362;(60) 8831-3527;Emma.MEJ9480@yahoo.com
trey;1;Female;80226;(41) 0664-6061;Tr.CARN7974@gmail.com
bently;105;Male;76755;(21) 3448-5943;Bentl.MCKIN7520@yahoo.com
julianne;105;Male;36125 ;(23) 4407-9052;Julia.KO6500@yahoo.com
nylah;105;Male;20904;(80) 4171-3993;Nyl.MILLER9089@live.com
celia;105;Male;35007;(93) 7179-8223;Ce.PA4432@gmail.com
laura;105;Male;70959;(43) 0885-1562;Laura.MCCO7227@hushmail.com
gary;105;Male;30998;(70) 4653-5313;Gar.CARR6993@mail2web.com
tucker;105;Female;61500;(86) 3403-8633;Tuc.PRES6950@gmail.com
abbey;1;Male;37612;(75) 4914-3882;Abbe.WEE5820@live.com
talon;105;Female;78022 ;(62) 3599-1892;Tal.LOTT7850@live.com
joaquin;105;Female;84027;(55) 9149-3524;Joaq.LEWI8284@mail2web.com
nayeli;1;Female;84075;(41) 2246-7864;Nayel.SUMME7041@hushmail.com
mariano;1;Male;27158;(98) 5576-6829;Maria.OLIVER5634@yahoo.com
maeve;105;Female;33040;(27) 6271-9752;Maev.GIBS8153@live.com
marina;105;Female;76554;(92) 0415-6977;Marina.CLAY1678@yahoo.com
ariel;105;Female;06531;(32) 0681-8181;Ari.DYER5426@yahoo.com
jake;1;Female;46406;(63) 1278-8295;Ja.EW9109@mail2web.com
seamus;105;Female;85046;(94) 9605-0292;Seamu.CO7944@live.com
shayla;105;Female;36633;(80) 1760-1842;Shayl.LEBLANC7327@mail2web.com
howard;105;Female;67814;(61) 7216-8495;Howa.MAR9329@hushmail.com
mariana;105;Male;92577 ;(20) 6284-0085;Mari.SHEP6627@mail2web.com
reginald;105;Male;84062;(22) 4644-9950;Reginald.MASSEY6454@gmail.com
anastasia;1;Male;27051 ;(81) 5189-9763;Anas.EVERETT5832@yahoo.com
eduardo;105;Female;03109;(77) 9507-8570;Edua.GILM9166@yahoo.com
shelby;1;Female;80012;(63) 0248-3067;Shelby.LE5654@mail2web.com
natalia;1;Male;66094;(94) 0853-9138;Nat.MCMILLAN8775@mail2web.com
emery;105;Female;67497;(95) 4476-3204;Eme.WHITE1485@gmail.com
adrianna;1;Female;98071;(51) 7241-4738;Adrian.SNYD3451@hushmail.com
kareem;105;Female;27518;(61) 2205-2359;Kareem.BAR4247@yahoo.com
gerald;1;Male;92668;(43) 0609-9219;Gera.MCLEA6330@live.com
aria;1;Male;15909;(85) 8332-3871;Aria.DURHAM1539@hushmail.com
benjamin;1;Male;87888;(71) 4704-7877;Benjam.SING1715@mail2web.com
collin;1;Male;18133;(61) 9758-1722;Collin.WATK2125@hushmail.com
jolene;105;Female;96777;(92) 8542-8452;Jole.MEJIA2592@live.com
danna;1;Male;75356;(87) 2192-0835;Da.RODGERS7041@gmail.com
amira;105;Male;06198;(77) 5449-6043;Amir.NIXO5900@yahoo.com
sidney;1;Male;46700;(47) 8904-4004;Sid.MEAD1147@yahoo.com
felicity;1;Male;98039;(86) 3299-9113;Felic.KI8359@yahoo.com
kaylen;1;Female;60401;(62) 3415-7469;Kayl.CERVAN5705@mail2web.com
braylon;105;Male;80018;(56) 7374-2148;Bray.WASHIN4290@gmail.com
nathaniel;105;Female;66007;(73) 1874-4391;Nathan.COTE3447@hushmail.com
tianna;1;Male;89030;(74) 7394-7575;Tianna.KELL3399@live.com
dorothy;105;Male;35085;(31) 8329-3908;Doroth.CAIN4456@hushmail.com
zoie;1;Male;84017;(42) 5702-3095;Zoie.CHARLE1349@hushmail.com
avianna;105;Male;66678;(46) 9756-4820;Avia.RUS6406@gmail.com
belen;1;Female;84045;(92) 8624-0694;Be.KAUFMAN2035@mail2web.com
vincenzo;105;Male;31393;(73) 4396-9441;Vincenz.LLOYD8251@yahoo.com
miranda;1;Female;96599;(30) 4185-4482;Miran.MAR7661@live.com
ciara;105;Female;66032;(63) 6587-0692;Cia.WALT2946@mail2web.com
marvin;105;Male;67394;(95) 4696-1772;Marvin.KE1317@mail2web.com
julio;105;Male;61533;(23) 9691-7765;Julio.GENTRY2690@hushmail.com
aubrey;1;Female;35802;(22) 9438-0850;Aubrey.DUN6512@live.com
aryan;105;Female;85096;(21) 2987-9119;Arya.JOYNE3895@mail2web.com
emelia;1;Female;55018;(31) 6587-4391;Emel.FERR5384@hushmail.com
dennis;1;Female;36174 ;(23) 9398-7348;Den.CONN8945@live.com
katie;105;Male;02806;(45) 8564-6130;Kat.KENN2779@yahoo.com
lainey;1;Female;97439;(40) 1327-6901;Lain.HA3861@yahoo.com
kiley;1;Male;33006;(80) 1398-5978;Kiley.RIDDL9552@yahoo.com
mateo;1;Male;33248;(91) 7310-1878;Mat.FREE5443@yahoo.com
camren;1;Female;52224;(81) 7624-4440;Camren.LAN2693@mail2web.com
willie;1;Female;93909;(75) 4573-9402;Will.BOYLE4867@gmail.com
layton;1;Female;32645;(41) 4346-6395;Layton.ODONNEL6147@hushmail.com
lillie;1;Male;87291;(22) 8783-2642;Lillie.PAR8043@hushmail.com
richard;1;Female;45322;(92) 5942-4920;Richa.LAW1137@yahoo.com
harper;1;Male;92646;(32) 5712-3169;Har.MERRIT3067@hushmail.com
cedric;105;Female;95411 ;(43) 2224-8067;Cedric.SPENCE7013@live.com
franco;1;Male;89229 ;(30) 1407-6856;Fran.RHODE2965@mail2web.com
malcolm;105;Male;74319;(60) 7362-4626;Malcolm.SNIDE7265@gmail.com
walker;1;Female;96401;(97) 0455-6250;Walker.ALLIS6052@yahoo.com
sierra;1;Female;95424;(98) 9379-9005;Sier.ROLLIN3421@gmail.com
jenna;105;Male;35062;(70) 6140-3087;Jenn.PUG8468@gmail.com
arturo;105;Male;66091;(80) 3799-1907;Artur.BO8336@hushmail.com
adrianna;1;Female;66637;(90) 8456-2499;Adrian.GIB2396@mail2web.com
isabela;105;Male;99062;(25) 4270-7564;Isabela.CLEM2110@hushmail.com
jasmine;105;Male;67139;(67) 8128-6175;Jasmine.NEAL2595@yahoo.com
cristopher;1;Female;96024;(81) 5243-5449;Cristop.COOK3511@mail2web.com
mariyah;1;Female;94749;(50) 2702-1473;Mar.JO7872@live.com
kole;105;Male;23713;(34) 0234-1518;Kole.BRA8752@gmail.com
jeffery;1;Female;94516;(98) 0348-3264;Jeffer.WON8512@hushmail.com
milagros;105;Female;85237;(68) 2105-6235;Milagros.CH9964@hushmail.com
maryam;105;Female;06536;(77) 4487-3102;Mar.TUCKER5634@hushmail.com
jayleen;105;Female;95096;(33) 0275-6775;Jayleen.STANTO6014@hushmail.com
kaylie;1;Female;23254;(62) 3611-8059;Kayli.MAD3748@live.com
patience;1;Female;66217;(51) 7605-1142;Patienc.MORGA3033@hushmail.com
josephine;105;Female;70849;(86) 2932-2411;Joseph.LY1788@hushmail.com
jack;105;Female;33070;(81) 3698-5298;Jack.CHAN7474@gmail.com
autumn;105;Male;44324;(47) 9286-7844;Autumn.ROGERS5450@hushmail.com
bree;105;Male;36617;(68) 2751-4130;Br.WALLS1665@hushmail.com
amos;1;Female;85379;(80) 6146-4795;Amo.SEXTO7795@live.com
holden;105;Male;66059;(40) 8774-7159;Holde.PEAR5112@live.com
brenda;105;Male;50336;(97) 0631-6813;Bre.ONE4921@hushmail.com
kenneth;1;Female;33023;(58) 5980-8565;Kennet.SWEET7915@gmail.com
natalya;1;Male;405552;(25) 3158-8216;Nat.DELG1157@hushmail.com
vincent;105;Male;01687;(90) 4295-7776;Vinc.HEWITT6054@live.com
martin;1;Male;27052 ;(20) 8287-3710;Martin.MATHI6902@mail2web.com
tyson;1;Male;23251;(86) 3691-0355;Ty.FLOYD9676@mail2web.com
fatima;105;Male;66046;(90) 1286-8532;Fatima.WARN3532@gmail.com
phoenix;105;Female;94577;(51) 6997-2502;Phoenix.MARSHAL1422@yahoo.com
ryan;105;Male;23393;(87) 8120-7862;Rya.FERG7420@hushmail.com
arianna;105;Male;65711;(98) 9137-0249;Arianna.CHER8257@yahoo.com
alayah;105;Female;32898;(68) 1911-8697;Alayah.LA7032@yahoo.com
joziah;105;Male;79518;(68) 1549-7708;Jozi.WA6414@gmail.com
nathaly;105;Female;33007;(30) 8839-7187;Nathaly.NAVAR6690@gmail.com
hope;1;Female;94919;(87) 2151-8142;Hope.RAND5715@gmail.com
eva;105;Male;80091;(53) 0792-1442;Eva.CALDW3794@gmail.com
sarah;1;Female;23607;(77) 3163-0023;Sa.ROBERT8342@gmail.com
steve;1;Female;32368;(84) 5583-0875;St.PITTMAN1214@hushmail.com
landon;1;Male;53803;(81) 7863-9141;Landon.FORBE8545@mail2web.com
sarai;1;Male;27514;(94) 0481-4338;Sara.VAU4925@hushmail.com
ann;1;Female;85277;(51) 6694-2389;A.L1914@yahoo.com
abbie;1;Female;96997;(56) 1598-6064;Abbi.CHRIST4411@mail2web.com
briana;105;Female;73033;(21) 0964-0597;Briana.GO4079@gmail.com
harley;105;Female;33781;(40) 9593-1239;Harle.BLEVINS1617@hushmail.com
sophie;105;Female;92321;(50) 2891-9565;Soph.KL8644@live.com
bruce;1;Female;93011;(38) 6948-8953;Bruce.VAUGHAN1725@yahoo.com
emmalyn;1;Male;55058;(81) 0368-7882;Emmaly.LOPE8185@gmail.com
vicente;1;Male;70457;(82) 8306-3717;Vicent.ODONNEL4219@mail2web.com
jessica;105;Female;93751;(41) 5177-8384;Jessi.LYN9066@gmail.com
mayson;1;Female;19940;(98) 0880-3058;Mayson.BRIG1640@yahoo.com
leonard;1;Male;33033;(93) 8607-6248;Leona.BLEVI8275@mail2web.com
aaden;1;Female;71132;(50) 4136-5068;Aa.WATERS4932@gmail.com
jose;105;Female;92505 ;(98) 5909-1806;Jose.ALLISO4027@mail2web.com
johnathon;1;Male;66088;(77) 5579-8100;John.LIND4780@live.com
gideon;1;Female;85243;(21) 0553-4608;Gideo.LA6242@yahoo.com
elian;105;Male;20535;(56) 7649-8721;Eli.WEBS2372@mail2web.com
billy;1;Female;07169;(80) 4980-6233;Bi.HAYE2452@hushmail.com
keon;1;Male;06175;(20) 9358-3325;Keon.STARK5878@gmail.com
augustus;1;Male;32567;(70) 1197-1773;Augus.BAL5189@live.com
braeden;105;Male;37689;(90) 7839-0513;Bra.CONNE3213@gmail.com
livia;1;Male;13209;(47) 5293-8943;Liv.SCHROED1245@hushmail.com
jaylon;1;Male;48327;(60) 2148-3728;Jaylon.HOOD2121@hushmail.com
dean;105;Female;90140;(52) 0246-3623;De.MIC7570@hushmail.com
isabelle;1;Female;60721;(90) 1173-1003;Isabel.GOO3723@gmail.com
ulises;1;Female;66077;(40) 2307-4493;Ulises.WAD2265@mail2web.com
hannah;105;Male;03106;(84) 8667-0879;Han.NEL9669@yahoo.com
haiden;105;Female;37007;(27) 6718-8543;Haide.BAR9232@gmail.com
dakota;1;Female;29007;(70) 8114-3229;Dak.ELL2790@hushmail.com
elianna;1;Male;33667;(78) 1560-1178;Elian.FRY6626@mail2web.com
haley;105;Male;30914;(94) 7208-4290;Hal.SINGLETO8340@mail2web.com
lindsey;105;Female;80279;(43) 0292-7807;Linds.WEBSTER7576@mail2web.com
amari;105;Female;66010;(60) 6595-0083;Amari.HUMPHRE3807@hushmail.com
joe;105;Female;99388;(21) 9287-0198;Jo.KE7394@mail2web.com
draven;1;Male;85020;(25) 2127-2892;Dra.HAY3513@mail2web.com
hassan;105;Female;23386;(38) 5255-1457;Hass.WILKI4977@gmail.com
krish;1;Female;43538;(56) 2161-1177;Kr.PA5012@hushmail.com
bennett;1;Female;33017;(22) 9136-8405;Bennet.GLO7837@live.com
kaleb;105;Male;33094;(94) 1853-3385;Kale.WES7500@yahoo.com
dawson;1;Female;95955 ;(33) 6496-8436;Dawson.HOLLAND2211@live.com
jada;1;Female;74613;(48) 4411-3693;Jad.MCC7716@mail2web.com
jennifer;105;Male;73041;(97) 9353-1763;Jennife.RIC6814@mail2web.com
emmalee;1;Female;85048;(44) 3205-6112;Emmalee.SAWYER9037@hushmail.com
daisy;105;Female;14225;(33) 6746-7143;Dais.ZIMMERM1217@live.com
addyson;1;Male;85313;(25) 6183-5463;Addyson.BARL3681@mail2web.com
christina;105;Male;02780;(30) 2737-7210;Christin.LAND8747@mail2web.com
leonard;105;Male;92806;(81) 8419-1781;Leonard.HAY5338@gmail.com
kaleigh;1;Female;33710;(97) 2170-2541;Kalei.POL5543@gmail.com
addilyn;1;Female;66659;(91) 0183-8737;Addil.CHAN5682@live.com
jordan;1;Female;80096;(30) 1433-5590;Jord.HUFFMAN9344@gmail.com
jamal;1;Female;95559;(90) 4288-4020;Jamal.SCHROE9456@live.com
elle;1;Male;89068;(61) 7130-0350;Elle.MCC7073@live.com
desiree;105;Female;50358;(51) 2503-9153;Desire.WASHIN7910@yahoo.com
maria;1;Male;70191;(70) 4233-6843;Mar.LAWRENCE7009@hushmail.com
myra;1;Male;33799;(92) 9614-1164;My.FRA7418@mail2web.com
skyla;105;Male;37456;(30) 3722-4470;Sky.MENDOZ5103@live.com
sterling;105;Male;94500;(38) 5144-5402;Sterlin.BARTL2042@live.com
hector;105;Male;92530 ;(93) 8170-5936;Hect.BRADLEY3877@hushmail.com
draven;105;Female;48310;(56) 1816-0962;Drave.JO3517@gmail.com
joy;1;Male;99234;(80) 1752-4285;Joy.ALEX4279@hushmail.com
madyson;105;Female;89047;(25) 1878-5515;Madyso.MA5953@yahoo.com
brodie;1;Male;99822;(76) 9181-9808;Bro.BLANCHAR9449@yahoo.com
renee;105;Female;32509;(81) 0991-5548;Ren.CLAR1993@gmail.com
finley;105;Female;49298;(90) 7416-8406;Finle.MAC3455@yahoo.com
alonzo;105;Male;66096;(73) 4531-8875;Alo.MCNEIL5183@yahoo.com
zechariah;1;Male;78088 ;(50) 9906-1422;Zechari.MAS3330@hushmail.com
leonel;105;Female;95341;(86) 0859-1071;Leone.CAMACH5207@live.com
frances;1;Male;97316;(31) 2188-7032;Fran.HU1329@yahoo.com
arian;105;Female;92629;(92) 8839-4462;Ar.SCHWART2805@yahoo.com
maleah;1;Female;01604;(27) 0757-3791;Mal.MCINTY9628@live.com
diya;1;Female;18106;(21) 3943-3920;Di.LOGAN9137@yahoo.com
armani;1;Male;92386;(70) 3224-1411;Arm.FLO4001@mail2web.com
raquel;105;Male;98057;(20) 6897-3036;Raque.VAZQUEZ8492@mail2web.com
